Advil PM, Ibuprofen 200mg Liquid Gels Mini, 20 CT	https://www.cvs.com/shop/advil-liquid-gels-mini-pm-20-ct-prodid-513702
Advil Pain Reliever/ Fever Reducer 200 MG Ibuprofen Tablets, 10 CT, 2 PK	https://www.cvs.com/shop/advil-pain-reliever-fever-reducer-200-mg-ibuprofen-tablets-10-ct-2-pk-prodid-884660
Advil Pain Reliever/ Fever Reducer 200 MG Ibuprofen Tablets, 24 CT	https://www.cvs.com/shop/advil-pain-reliever-fever-reducer-200-mg-ibuprofen-tablets-prodid-1040240
Alka-Seltzer COLD Cold + Congestion Severe Night Fast Dissolve Tablets, Lemon, 24 CT	https://www.cvs.com/shop/alka-seltzer-cold-cold-congestion-severe-night-fast-dissolve-tablets-lemon-24-ct-prodid-634302
Always Maxi Pads without Wings, Size 4, Overnight, 28 CT	https://www.cvs.com/shop/always-maxi-pads-without-wings-size-4-overnight-28-ct-prodid-246032
Benadryl Allergy Ultratabs Go Packs, 4 CT	https://www.cvs.com/shop/benadryl-allergy-ultratabs-go-packs-4-ct-prodid-635332
Betadine Antiseptic Sore Throat Medicated Gargle, 8 OZ	https://www.cvs.com/shop/betadine-antiseptic-sore-throat-medicated-gargle-8-oz-prodid-238679
Bio True Multi-Purpose Solution, 10 FL OZ, Twin Pack	https://www.cvs.com/shop/bio-true-multi-purpose-solution-10-fl-oz-twin-pack-prodid-1170195
Biofreeze Day & Overnight Pain Relief Patches, 9 CT	https://www.cvs.com/shop/biofreeze-day-overnight-pain-relief-patches-9-ct-prodid-111879
Biotrue Hydration Plus Contact Lens Solution, 4 OZ	https://www.cvs.com/shop/biotrue-hydration-plus-contact-lens-solution-4-oz-prodid-607385
Biotrue Hydration Plus Multi-Purpose Solutio, Lens Case Included, 10 fl oz	https://www.cvs.com/shop/biotrue-hydration-plus-multi-purpose-solution-lens-case-included-prodid-239896
Biotrue Multi-Purpose Contact Lens Solution, 10 fl oz	https://www.cvs.com/shop/biotrue-multi-purpose-contact-lens-solution-10-fl-oz-prodid-795661
Biotrue Travel Kit, Multi-Purpose Solution with Lens Case, 2 OZ	https://www.cvs.com/shop/biotrue-travel-kit-multi-purpose-solution-with-lens-case-2-oz-prodid-771061
Boston Simplus Multi-Action Solution, 3.5 fl oz	https://www.cvs.com/shop/boston-simplus-multi-action-solution-3-5-fl-oz-prodid-1170188
CVS 24HR Allergy Relief Tablets, 10mg Cetirizine HCl, 14 CT	https://www.cvs.com/shop/cvs-24hr-allergy-relief-tablets-10mg-cetirizine-hcl-prodid-1170281
CVS Body Analysis Scale	https://www.cvs.com/shop/cvs-body-analysis-scale-prodid-1170380
CVS Cleansing Eyelid Wipes, 30 CT	https://www.cvs.com/shop/cvs-cleansing-eyelid-wipes-30-ct-prodid-482149
CVS Concave Eye Patch	https://www.cvs.com/shop/cvs-concave-eye-patch-prodid-251591
CVS Eyeglass Lens Cleaner, 4 OZ	https://www.cvs.com/shop/cvs-eyeglass-lens-cleaner-4-oz-prodid-251599
CVS Fast Acting Sore Throat Lozenges, Cherry, 18 CT	https://www.cvs.com/shop/cvs-fast-acting-sore-throat-lozenges-prodid-707032
CVS Ibuprofen Tablets, 20CT	https://www.cvs.com/shop/cvs-ibuprofen-tablets-200mg-coated-prodid-1080127
CVS Menthol Cough Drops, 160 CT	https://www.cvs.com/shop/cvs-menthol-cough-drops-160-ct-prodid-210079
CVS Microfiber Premoistened Lens Wipes, 100 CT	https://www.cvs.com/shop/cvs-microfiber-premoistened-lens-wipes-100-ct-prodid-1170293
CVS Motion Sickness Relief Chewable Tablets, Raspberry, 12 CT	https://www.cvs.com/shop/cvs-motion-sickness-relief-chewable-tablets-raspberry-12-ct-prodid-452260
CVS Multi-Purpose Contact Solution, 12 OZ	https://www.cvs.com/shop/cvs-multi-purpose-contact-solution-prodid-695756
CVS Multi-Purpose Solution for Soft Contact Lenses, Twin Pack	https://www.cvs.com/shop/cvs-multi-purpose-solution-for-soft-contact-lenses-twin-pack-prodid-695755
CVS Nasal Spray Saline Liquid, 1.5 OZ	https://www.cvs.com/shop/cvs-nasal-spray-saline-liquid-1-5-oz-prodid-173301
CVS Saline Solution for Soft Hydrophilic Contact Lenses, 12 OZ, Twin Pack	https://www.cvs.com/shop/cvs-saline-solution-for-soft-hydrophilic-contact-lenses-12-oz-twin-pack-prodid-458126
CVS Sore Throat & Cough Lozenges, Mixed Berry, 18 CT	https://www.cvs.com/shop/cvs-sore-throat-cough-lozenges-mixed-berry-18-ct-prodid-972801
Cepacol Extra Strength Sore Throat & Cough Lozenges, Mixed Berry, 16 CT	https://www.cvs.com/shop/cepacol-extra-strength-sore-throat-cough-lozenges-mixed-berry-16-ct-prodid-449813
Cepacol Extra Strength Sore Throat Relief Lozenges, Cherry, 16 CT	https://www.cvs.com/shop/cepacol-extra-strength-sore-throat-relief-lozenges-16-ct-prodid-1011502
Children's Benadryl Allergy Liquid Cherry, 4 OZ	https://www.cvs.com/shop/children-s-benadryl-allergy-liquid-cherry-4-oz-prodid-513733
Chloraseptic Max Sore Throat Spray, Wild Berry, 4 OZ	https://www.cvs.com/shop/chloraseptic-max-sore-throat-spray-wild-berry-4-oz-prodid-471767
Chloraseptic Sore Throat Spray, Menthol, 6 OZ	https://www.cvs.com/shop/chloraseptic-sore-throat-spray-menthol-6-oz-prodid-244890
Clear Care Cleaning and Disinfecting Solution for Contact Lenses, 12 fl oz, Twin Pack	https://www.cvs.com/shop/clear-care-cleaning-and-disinfecting-solution-for-contact-lenses-12-fl-oz-twin-pack-prodid-1060132
Clear Care Plus Contact Solution with Hydraglide, 3% Hydrogen Peroxide, Twin Pack, 12 OZ	https://www.cvs.com/shop/clear-care-plus-contact-solution-with-hydraglide-3-hydrogen-peroxide-twin-pack-12-oz-prodid-495772
Dermoplast Kids Sting-Free First Aid Spray, 2 OZ	https://www.cvs.com/shop/dermoplast-kids-sting-free-first-aid-spray-prodid-688826
HALLS Relief Honey Lemon Cough Drops, 14 CT	https://www.cvs.com/shop/halls-relief-honey-lemon-cough-drops-14-ct-prodid-406410
HALLS Throat Soothing Cool Berry Throat Drops, Economy Pack, 70 Drops	https://www.cvs.com/shop/halls-throat-soothing-previously-halls-breezers-cool-berry-throat-drops-economy-pack-70-drops-prodid-153484
Halls Breezers Cough Drops	https://www.cvs.com/shop/halls-breezers-cough-drops-creamy-strawberry-prodid-277965
Hempvana Lidocaine Pain Relief Cream, 4 OZ	https://www.cvs.com/shop/hempvana-lidocaine-pain-relief-cream-4-oz-prodid-405629
Hero Cosmetics Mighty Patch Original Acne Patch, 30CT	https://www.cvs.com/shop/hero-cosmetics-mighty-patch-original-acne-patch-prodid-5450001
Lolleez Organic Throat Soothing Pops	https://www.cvs.com/shop/lolleez-organic-throat-soothing-pops-prodid-1720017
Luden's Throat Lozenge, Wild Cherry, 90 CT	https://www.cvs.com/shop/luden-s-throat-lozenge-wild-cherry-prodid-501803
Lysol Disinfectant Spray To Go, 1 oz	https://www.cvs.com/shop/lysol-disinfectant-spray-to-go-1-oz-prodid-1730009
Lysol Travel Size Disinfecting Wipes, Lemon & Lime Blossom Scent, 15 ct	https://www.cvs.com/shop/lysol-travel-size-disinfecting-wipes-lemon-lime-blossom-scent-15-ct-prodid-563557
Medline Transport Chair	https://www.cvs.com/shop/medline-transport-chair-prodid-190654
Mucinex InstaSoothe Sore Throat + Soothing Comfort Medicated Lozenges, Honey & Echinacea, 40 CT	https://www.cvs.com/shop/mucinex-instasoothe-sore-throat-cough-relief-medicated-lozenges-prodid-7200784
Nice 'N Clean Antibacterial Hand Wipes, Travel Pack	https://www.cvs.com/shop/nice-n-clean-antibacterial-hand-wipes-travel-pack-prodid-130704
OCuSOFT Lid Scrub Oust Eyelid Cleanser, 30 CT	https://www.cvs.com/shop/ocusoft-lid-scrub-oust-eyelid-cleanser-30-ct-prodid-552980
OCuSOFT Original Lid Scrub Eyelid Cleanser, 30 CT	https://www.cvs.com/shop/ocusoft-original-lid-scrub-eyelid-cleanser-30-ct-prodid-1170218
OCuSOFT Plus Lid Scrub Eyelid Cleanser, 30CT	https://www.cvs.com/shop/ocusoft-plus-lid-scrub-eyelid-cleanser-30ct-prodid-1170334
OFF! Familycare Insect Repellent, 2.5 OZ	https://www.cvs.com/shop/off-familycare-insect-repellent-2-5-oz-prodid-918972
Opti-Free PureMoist Multi-Purpose Disinfecting Solution 10 OZ, 2CT	https://www.cvs.com/shop/opti-free-puremoist-multi-purpose-disinfecting-solution-10-oz-2ct-prodid-846846
Opti-Free PureMoist Multi-Purpose Disinfecting Solution, 2 OZ	https://www.cvs.com/shop/opti-free-puremoist-multi-purpose-disinfecting-solution-2-oz-prodid-846849
Osteo Bi-Flex Triple Strength Tablets, 80CT	https://www.cvs.com/shop/osteo-bi-flex-triple-strength-tablets-prodid-1011057
Penetrex Joint and Muscle Therapy Roll-On Gel, 2.5 OZ	https://www.cvs.com/shop/penetrex-joint-and-muscle-therapy-roll-on-gel-2-5-oz-prodid-143863
Pepcid Complete Acid Reducer + Antacid Chewable Tablets, Cool Mint, 70 CT	https://www.cvs.com/shop/pepcid-complete-acid-reducer-antacid-chewable-tablets-cool-mint-70-ct-prodid-790413
PreserVision AREDS3, Triple Action Formula Soft Gels, 90 CT	https://www.cvs.com/shop/preservision-areds3-soft-gels-triple-action-formula-90-ct-prodid-706707
Proactiv Solution Acne Routine with Benzoyl Peroxide	https://www.cvs.com/shop/proactiv-solution-acne-routine-with-benzoyl-peroxide-prodid-429419
Purell Clean & Go Wipes, Fresh Scent, 20 CT	https://www.cvs.com/shop/purell-clean-go-wipes-fresh-scent-20-ct-prodid-231849
RICOLA Sugar Free Lemon Mint Herb Throat Drops, 45CT	https://www.cvs.com/shop/ricola-sugar-free-cough-suppressant-throat-drops-prodid-1011681
Renu Advanced Formula Multi Purpose Solution 2 OZ	https://www.cvs.com/shop/renu-advanced-formula-multi-purpose-solution-2-oz-prodid-132272
Ricola Berry Medley Throat Drops, 45 CT	https://www.cvs.com/shop/ricola-berry-medley-throat-drops-45-ct-prodid-560574
Robitussin Severe Cough, Flu + Sore Throat Daytime Relief, Honey with Elderberry, 8 OZ	https://www.cvs.com/shop/robitussin-severe-cough-flu-sore-throat-daytime-relief-honey-with-elderberry-8-oz-prodid-344008
Starface Hydro-Star Refill Mini Pack, 16 CT	https://www.cvs.com/shop/starface-hydro-star-refill-mini-pack-16-ct-prodid-453450
Systane Lubricant Eye Drops Ultra High Performing Dry Eye Relief, 0.1 OZ	https://www.cvs.com/shop/systane-ultra-lubricant-eye-drops-prodid-1060136
TUMS Antacid Chewable Tablets for Heartburn Relief, Extra Strength, Smoothies Assorted Fruit, 140 Tablets	https://www.cvs.com/shop/tums-antacid-chewable-tablets-for-heartburn-relief-extra-strength-smoothies-assorted-fruit-140-tablets-prodid-405376
TUMS Antacid Chewable Tablets for Heartburn Relief, Extra Strength, Smoothies Berry Fusion, 60 Tablets	https://www.cvs.com/shop/tums-antacid-chewable-tablets-for-heartburn-relief-extra-strength-smoothies-berry-fusion-60-tablets-prodid-1011818
Thayer's Double Action Acne Serum, 1 OZ	https://www.cvs.com/shop/thayer-s-double-action-acne-serum-1-oz-prodid-552007
Theraflu Daytime + Nighttime Severe Cold Relief Combo Powder Packs, Honey Lemon, 12 CT	https://www.cvs.com/shop/theraflu-daytime-nighttime-severe-cold-relief-combo-powder-packs-honey-lemon-12-ct-prodid-535005
Traditional Medicinals Organic Throat Coat Herbal Tea, 16 ct, 1.13 oz	https://www.cvs.com/shop/traditional-medicinals-organic-throat-coat-herbal-tea-16-ct-1-13-oz-prodid-203155
Tylenol Extra Strength Severe Cough + Sore Throat Night Liquid, 8 OZ	https://www.cvs.com/shop/tylenol-extra-strength-severe-cough-sore-throat-night-liquid-8-oz-prodid-673718
URISTAT UTI Relief Pak, Test For Infection + Pain Relief, 1 Strip, 12 CT	https://www.cvs.com/shop/uristat-uti-relief-pak-test-for-infection-pain-relief-1-strip-12-ct-prodid-1900048
Vicks NyQuil Cold & Flu Liquicaps, 8 CT	https://www.cvs.com/shop/vicks-nyquil-cold-flu-liquicaps-8-ct-prodid-558038
Vicks NyQuil and DayQuil SEVERE Cough, Cold & Flu Relief Liquid, 2x12 Fl OZ Combo, Relieves Sore Throat, Fever, and Congestion, Day or Night	https://www.cvs.com/shop/vicks-nyquil-and-dayquil-severe-cough-cold-flu-relief-liquid-2x12-fl-oz-combo-relieves-sore-throat-fever-and-congestion-day-or-night-prodid-1011853
Vicks VapoCOOL Severe Sore Throat Medicated Drops, Winterfrost, 45 CT	https://www.cvs.com/shop/vicks-vapocool-severe-sore-throat-medicated-drops-prodid-7200266
Vicks VapoCOOL Sore Throat Lozenges, Winterfrost, 16 CT	https://www.cvs.com/shop/vicks-vapocool-sore-throat-lozenges-16-ct-prodid-366766
Zyrtec 24 Hour Allergy Tablets with Cetirizine HCI, Travel Size, 5 CT	https://www.cvs.com/shop/zyrtec-24-hour-allergy-tablets-with-cetirizine-hci-travel-size-5-ct-prodid-542327
Zyrtec Liquid Gels, Cetirizine HCL 10mg, 12CT	https://www.cvs.com/shop/zyrtec-24hr-allergy-relief-liquid-gels-10mg-cetirizine-hcl-prodid-1070917
