Blink Boost Dry Eye Lubricating Eye Drops, 0.34 FL OZ	https://www.cvs.com/shop/blink-boost-dry-eye-lubricating-eye-drops-0-34-fl-oz-prodid-665269
Blink Gel Tears Moderate-Severe Dry Eye Lubricating Eye Drops, 0.34 FL OZ	https://www.cvs.com/shop/blink-gel-tears-moderate-severe-dry-eye-lubricating-eye-drops-0-34-fl-oz-prodid-622742
Blink Tears Lubricating Eye Drops Mild/Moderate Dry Eye, 1 FL OZ	https://www.cvs.com/shop/blink-tears-lubricating-eye-drops-for-mild-moderate-dry-eye-prodid-464046
Blink Tears Lubricating Eye Drops, 0.5 OZ	https://www.cvs.com/shop/blink-tears-lubricating-eye-drops-0-5-oz-prodid-658068
Blink Tears Triple Care Preservative-Free Eye Drops, 0.33 OZ	https://www.cvs.com/shop/blink-tears-triple-care-preservative-free-eye-drops-0-33-oz-prodid-721457
Blink Triple Care Moderate to Severe Lubricating Eye Drops, .34 OZ	https://www.cvs.com/shop/blink-triple-care-moderate-to-severe-lubricating-eye-drops-34-oz-prodid-523032
SYSTANE COMPLETE Lubricant Eye Drops 10ml	https://www.cvs.com/shop/systane-complete-lubricant-eye-drops-10-ml-prodid-260605
SYSTANE Complete Multi-Dose Preservative-Free Twin Pack 2x10mL	https://www.cvs.com/shop/systane-complete-multi-dose-preservative-free-twin-pack-2x10ml-prodid-715124
SYSTANE PRO PR Triple Action Dry Eye Relief Eye Drops, Twin Pack, 2 10mL	https://www.cvs.com/shop/systane-pro-pr-triple-action-dry-eye-relief-eye-drops-twin-pack-2-10ml-prodid-670501
Systane Balance Lubricant Eye Drops, 0.33 FL OZ	https://www.cvs.com/shop/systane-balance-lubricant-eye-drops-0-33-fl-oz-prodid-392210
Systane Complete Preservative Free Lubricating Eye Drops Vials, 30 CT	https://www.cvs.com/shop/systane-complete-preservative-free-lubricating-eye-drops-vials-30-ct-prodid-560781
Systane Hydration Multi-Dose, 10mL, 0.34 OZ	https://www.cvs.com/shop/systane-hydration-multi-dose-10ml-0-34-oz-prodid-562669
Systane Hydration Preservative Free Lubricating Eye Drops Vials, 30 CT	https://www.cvs.com/shop/systane-hydration-preservative-free-lubricating-eye-drops-vials-30-ct-prodid-391644
Systane Hydration Preservative-Free Daily Eye Relief Eye Drops, 0.34 fl oz	https://www.cvs.com/shop/systane-hydration-preservative-free-daily-eye-relief-eye-drops-0-34-fl-oz-prodid-3110031
Systane Liquid Gel Drops, 0.33 fl oz	https://www.cvs.com/shop/systane-liquid-gel-drops-0-33-fl-oz-prodid-1060129
Systane Lubricant Eye Drops Ultra High Performing Dry Eye Relief, 0.1 OZ	https://www.cvs.com/shop/systane-ultra-lubricant-eye-drops-prodid-1060136
Systane Lubricant Eye Drops, 1 fl oz	https://www.cvs.com/shop/systane-lubricant-eye-drops-prodid-234540
Systane Lubricant Eye Drops, 30CT	https://www.cvs.com/shop/systane-lubricant-eye-drops-30ct-prodid-1060124
Systane Nighttime Lubricant Eye Ointment, 0.12 fl oz	https://www.cvs.com/shop/systane-nighttime-lubricant-eye-ointment-0-12-fl-oz-prodid-1060138
Systane PRO, Preservative-Free Dry Eye Drop Vials, 32 CT	https://www.cvs.com/shop/systane-pro-preservative-free-dry-eye-drop-vials-32-ct-prodid-839469
Systane Ultra Lubricant Eye Drops, 60CT	https://www.cvs.com/shop/systane-ultra-lubricant-eye-drops-vials-prodid-183319
Systane Ultra Multi-Dose Eye Drops, 10 mL, 0.34 OZ	https://www.cvs.com/shop/systane-ultra-multi-dose-eye-drops-prodid-508501
