Act II Butter Lovers Popcorn, 6 CT, 16.5 OZ	https://www.cvs.com/shop/act-ii-butter-lovers-popcorn-6-ct-16-5-oz-prodid-847847
Airheads Spooky Halloween Mix with Assorted Candy, Pops and Chewy Mints, 65 CT, 26.6 OZ	https://www.cvs.com/shop/airheads-spooky-halloween-mix-with-assorted-candy-pops-and-chewy-mints-65-ct-26-6-oz-prodid-826483
Airheads Xtreme Bites, 9 OZ	https://www.cvs.com/shop/airheads-xtreme-bites-9-oz-prodid-568932
Archer Original Turkey Mini Sticks, 16 CT, 8 OZ	https://www.cvs.com/shop/archer-original-turkey-mini-sticks-16-ct-8-oz-prodid-825419
Baby Ruth, 100 Grand, Butterfinger, Crunch, Assorted Candy Bag, 100 CT, 32.2 OZ	https://www.cvs.com/shop/baby-ruth-100-grand-butterfinger-crunch-assorted-candy-bag-100-ct-32-2-oz-prodid-363528
Black Riffle Coffee Company Tactisquatch Coffee Rounds, Dark Roast, 12 CT, 4.68 OZ	https://www.cvs.com/shop/black-riffle-coffee-company-tactisquatch-coffee-rounds-dark-roast-12-ct-4-68-oz-prodid-688008
Black Riffle Coffee Company, Tactisquatch Ground Coffee, 7 OZ	https://www.cvs.com/shop/black-riffle-coffee-company-tactisquatch-ground-coffee-7-oz-prodid-688100
Black Rifle Coffee Company Just Black Coffee Rounds, Medium Roast, 12 CT, 4.68 OZ	https://www.cvs.com/shop/black-rifle-coffee-company-just-black-coffee-rounds-medium-roast-12-ct-4-68-oz-prodid-811092
Bobo's Strawberry Peanut and Butter Oat Sandwich, 5 CT, 10.5 OZ	https://www.cvs.com/shop/bobo-s-strawberry-peanut-and-butter-oat-sandwich-5-ct-10-5-oz-prodid-811028
Brach's Mellowcreme Autumn Mix Bag, 11 OZ	https://www.cvs.com/shop/brach-s-mellowcreme-autumn-mix-bag-11-oz-prodid-804335
Coca-Cola Soda Soft Drink, Cans, 12 ct, 12 oz	https://www.cvs.com/shop/coca-cola-soda-soft-drink-cans-12-ct-12-oz-prodid-1190766
Dunkin' Coffee K-Cups, Original Blend Medium Roast, 32 ct,	https://www.cvs.com/shop/dunkin-coffee-k-cups-original-blend-medium-roast-32-ct-prodid-393303
Dunkin' Ground Coffee, Original Blend Medium Roast, 18 oz	https://www.cvs.com/shop/dunkin-ground-coffee-original-blend-medium-roast-18-oz-prodid-287774
Folgers Ground Coffee Classic Roast, 25.9 OZ	https://www.cvs.com/shop/folgers-ground-coffee-classic-roast-25-9-oz-prodid-110807
Folgers Instant Coffee Crystals, Classic Roast, 8 oz	https://www.cvs.com/shop/folgers-instant-coffee-crystals-classic-roast-8-oz-prodid-354531
Garden Veggie Potato and Vegetable Ghosts and Bats Chips, 12 CT, 6 OZ	https://www.cvs.com/shop/garden-veggie-potato-and-vegetable-ghosts-and-bats-chips-12-ct-6-oz-prodid-501380
Gerber, 100% Pear Juice Concentrate, 32 FL OZ	https://www.cvs.com/shop/gerber-100-pear-juice-concentrate-32-fl-oz-prodid-490132
Ghirardelli Premium Milk Chocolate Sea salt Almond Bar, 3.5 OZ	https://www.cvs.com/shop/ghirardelli-premium-milk-chocolate-sea-salt-almond-bar-3-5-oz-prodid-486000
GoMacro Peanut Butter Chocolate Chip Macrobar, 2.3 OZ	https://www.cvs.com/shop/gomacro-peanut-butter-chocolate-chip-macrobar-2-3-oz-prodid-810332
Gold Emblem Raspberry Creme Shortbread Cookies, 10.6 oz	https://www.cvs.com/shop/gold-emblem-raspberry-creme-shortbread-cookies-10-6-oz-prodid-517367
Hershey's Assorted Flavored Halloween Candy, 75 CT, 34.12 OZ	https://www.cvs.com/shop/hershey-s-assorted-flavored-halloween-candy-75-ct-34-12-oz-prodid-669668
Hershey's Assorted Halloween Milk Chocolate and Fruit Flavors Bite Size, Candy Bulk Variety Bag, 180 CT, 55.35 OZ	https://www.cvs.com/shop/hershey-s-assorted-halloween-milk-chocolate-and-fruit-flavors-bite-size-candy-bulk-variety-bag-180-ct-55-35-oz-prodid-403379
Hershey's, Assorted Flavored Snack Size, Halloween Candy Variety Bag, 25 CT, 13.13 OZ	https://www.cvs.com/shop/hershey-s-assorted-flavored-snack-size-halloween-candy-variety-bag-25-ct-13-13-oz-prodid-187059
Hippeas Pops Cheezy Cheddar, 12 CT, 4 OZ	https://www.cvs.com/shop/hippeas-pops-cheezy-cheddar-12-ct-4-oz-prodid-335670
Jackson's Avocado Oil, Sea Salt Super Veggie Straws, 5 OZ	https://www.cvs.com/shop/jackson-s-avocado-oil-sea-salt-super-veggie-straws-5-oz-prodid-342157
Khloud Sweet and Salty Kettle Corn Protein Popcorn, 5 OZ	https://www.cvs.com/shop/khloud-sweet-and-salty-kettle-corn-protein-popcorn-5-oz-prodid-709932
Krave Zero Sugar Sonoma Original Beef, 0.5 OZ	https://www.cvs.com/shop/krave-zero-sugar-sonoma-original-beef-0-5-oz-prodid-479374
La Colombe Medium Roast Cold Brew Black Unsweetened, 11 OZ	https://www.cvs.com/shop/la-colombe-medium-roast-cold-brew-black-unsweetened-11-oz-prodid-789822
Lesser Evil Halloween Multipack, 18 CT, 6 OZ	https://www.cvs.com/shop/lesser-evil-halloween-multipack-18-ct-6-oz-prodid-389782
Liquid I.V. Hydration Electrolytes, Strawberry, 10 CT	https://www.cvs.com/shop/liquid-i-v-hydration-electrolytes-10-ct-prodid-7201115
Liquid I.V. Hydration Electrolytes, Sugar Free, Raspberry Lemonade, 10 CT	https://www.cvs.com/shop/liquid-i-v-hydration-electrolytes-sugar-free-raspberry-lemonade-10-ct-prodid-7201230
Made In Nature Organic Apple Rings, 3 OZ	https://www.cvs.com/shop/made-in-nature-organic-apple-rings-3-oz-prodid-690700
Maxwell House Ground Coffee Wake Up Roast, 28.40 oz	https://www.cvs.com/shop/maxwell-house-ground-coffee-wake-up-roast-28-40-oz-prodid-861983
Maxwell House Instant Coffee, Original, 8 oz	https://www.cvs.com/shop/maxwell-house-instant-coffee-original-8-oz-prodid-442624
Maxwell House Original Roast Medium Ground Coffee, 27.50 oz	https://www.cvs.com/shop/maxwell-house-original-roast-medium-ground-coffee-27-50-oz-prodid-577850
McCafe, Premium Roast 100% Arabica Medium Roast Coffee K-Cup Pods, 10 ct,	https://www.cvs.com/shop/mccafe-premium-roast-100-arabica-medium-roast-coffee-k-cup-pods-10-ct-prodid-992243
Mother's Halloween Circus Animal Cookies, 30 CT, 15 OZ	https://www.cvs.com/shop/mother-s-halloween-circus-animal-cookies-30-ct-15-oz-prodid-677030
Nerds Gummy Clusters, 28 CT, 14 OZ	https://www.cvs.com/shop/nerds-gummy-clusters-28-ct-14-oz-prodid-424364
OREO Boo Fall Treats Trick or Treat Halloween Cookies Variety Pack, 20 CT, 18 OZ	https://www.cvs.com/shop/oreo-boo-fall-treats-trick-or-treat-halloween-cookies-variety-pack-20-ct-18-oz-prodid-495842
OREO Orange Crème Chocolate Sandwich Cookies, Limited Edition, Halloween Cookies, 18.71 OZ	https://www.cvs.com/shop/oreo-orange-cr-me-chocolate-sandwich-cookies-limited-edition-halloween-cookies-18-71-oz-prodid-173245
Oreo Apple Pie a la Mode, 10.68 OZ	https://www.cvs.com/shop/oreo-apple-pie-a-la-mode-10-68-oz-prodid-677057
PopCorners Spicy Queso, 12 CT, 5 OZ	https://www.cvs.com/shop/popcorners-spicy-queso-12-ct-5-oz-prodid-845512
Quinn Peanut Butter and Jelly Filled Nuggets, 6 OZ	https://www.cvs.com/shop/quinn-peanut-butter-and-jelly-filled-nuggets-6-oz-prodid-540969
Reese's Snack Size Assorted Party Bag, 23.01 OZ	https://www.cvs.com/shop/reese-s-snack-size-assorted-party-bag-23-01-oz-prodid-639481
Reese's Snoopy & Friends Milk Chocolate Snack Size Peanut Butter Pumpkins Halloween Candy, 9 OZ	https://www.cvs.com/shop/reese-s-snoopy-friends-milk-chocolate-snack-size-peanut-butter-pumpkins-halloween-candy-9-oz-prodid-657527
Reese's White Creme Snack Size Peanut Butter Ghosts, Halloween Candy, 9.6 OZ	https://www.cvs.com/shop/reese-s-white-creme-snack-size-peanut-butter-ghosts-halloween-candy-9-6-oz-prodid-163889
Snickers Almond Fun Size Chocolate Candy Bars, 10.23 OZ	https://www.cvs.com/shop/snickers-almond-fun-size-chocolate-candy-bars-10-23-oz-prodid-212937
Snickers, Twix, Milky Way & 3 Musketeers, Witch Mixed Candy Bag, 70 CT,19.49 OZ	https://www.cvs.com/shop/snickers-twix-milky-way-3-musketeers-witch-mixed-candy-bag-70-ct-19-49-oz-prodid-511194
Sour Patch Kids, Original, Watermelon & Swedish Fish Mini Candy Variety Pack, 80 CT, 36.3 OZ	https://www.cvs.com/shop/sour-patch-kids-original-watermelon-swedish-fish-mini-candy-variety-pack-80-ct-36-3-oz-prodid-267344
Sour Punch Twists Halloween, 18 OZ	https://www.cvs.com/shop/sour-punch-twists-halloween-18-oz-prodid-660609
Starbucks K-Cup Pods, Espresso Roast, 10 CT, 4.3 OZ	https://www.cvs.com/shop/starbucks-k-cup-pods-espresso-roast-10-ct-4-3-oz-prodid-480460
Swiss Miss Hot Chocolate K Cup 10 CT, 6.5 OZ	https://www.cvs.com/shop/swiss-miss-hot-chocolate-k-cup-10-ct-6-5-oz-prodid-909332
Tate's Bake Shop White Chocolate Chip Cookies Pumpkin Spice Flavor, 6.5 OZ	https://www.cvs.com/shop/tate-s-bake-shop-white-chocolate-chip-cookies-pumpkin-spice-flavor-6-5-oz-prodid-357622
The Original Donut Shop One Step Vanilla Latte, 10 CT, 7.3 OZ	https://www.cvs.com/shop/the-original-donut-shop-one-step-vanilla-latte-10-ct-7-3-oz-prodid-893957
The Original Donut Shop Regular Medium Roast Ground Coffee, 12 OZ	https://www.cvs.com/shop/the-original-donut-shop-regular-medium-roast-ground-coffee-12-oz-prodid-916322
Tim Horton Original Ground Coffee, 12 OZ	https://www.cvs.com/shop/tim-horton-original-ground-coffee-12-oz-prodid-650948
Tim Hortons Decaf Medium Ground Bag, 12 OZ	https://www.cvs.com/shop/tim-hortons-decaf-medium-ground-bag-12-oz-prodid-650965
Twix Ghoulish Green Fun Size Cookie Bars, 9.79 OZ	https://www.cvs.com/shop/twix-ghoulish-green-fun-size-cookie-bars-9-79-oz-prodid-511160
Well Market Honey Roasted Vanilla Flavored Almonds, 6 OZ	https://www.cvs.com/shop/well-market-honey-roasted-vanilla-flavored-almonds-6-oz-prodid-208855
Well Market Tuxedo Cookies, 3.5 OZ	https://www.cvs.com/shop/well-market-tuxedo-cookies-3-5-oz-prodid-190014
Werther's Originals Caramel Apple Soft Caramels, 8.57 OZ	https://www.cvs.com/shop/werther-s-originals-caramel-apple-soft-caramels-8-57-oz-prodid-456911
Werther's Originals Harvest Caramels Pumpkin Spice Caramels Hard Candy, 8.57 OZ	https://www.cvs.com/shop/werther-s-originals-harvest-caramels-pumpkin-spice-caramels-hard-candy-8-57-oz-prodid-458352
York Dark Chocolate Peppermint Patties Halloween Snack Size Candy, 11.4 OZ	https://www.cvs.com/shop/york-dark-chocolate-peppermint-patties-halloween-snack-size-candy-11-4-oz-prodid-501370
