Children's Robitussin Honey Nighttime Cough Liquid, 4 FL OZ	https://www.cvs.com/shop/children-s-robitussin-honey-nighttime-cough-liquid-4-fl-oz-prodid-398996
Children's Robitussin Long-Acting Cough and Cold Medicine, Fruit Punch Flavor - 4 Fl Oz Bottle	https://www.cvs.com/shop/children-s-robitussin-long-acting-cough-and-cold-medicine-fruit-punch-flavor-4-fl-oz-bottle-prodid-1040140
Robitussin Adult Cough + Chest Congestion DM (8 fl. oz. Bottle), Non-Drowsy, Cough Suppressant & Expectorant	https://www.cvs.com/shop/robitussin-adult-cough-chest-congestion-dm-8-fl-oz-bottle-non-drowsy-cough-suppressant-expectorant-prodid-1040192
Robitussin Adult Maximum Strength Cough + Chest Congestion DM Max (8 fl. oz. Bottle), Non-Drowsy Cough Suppressant & Expectorant, Raspberry Flavor	https://www.cvs.com/shop/robitussin-maximum-strength-cough-chest-congestion-dm-liquid-relief-raspberry-prodid-1040188
Robitussin Adult Maximum Strength Cough+Chest Congestion, Non-Drowsy Cough Suppressant & Expectorant, Raspberry, 8 FL OZ	https://www.cvs.com/shop/robitussin-adult-maximum-strength-cough-chest-congestion-non-drowsy-cough-suppressant-expectorant-raspberry-8-fl-oz-prodid-697077
Robitussin Adult Maximum Strength Daytime and Nighttime Twin Pack, 2-4 OZ Bottles	https://www.cvs.com/shop/robitussin-adult-maximum-strength-daytime-and-nighttime-twin-pack-2-4-oz-bottles-prodid-504366
Robitussin Adult Maximum Strength Daytime and Nighttime Twin Pack, 2-4 OZ Bottles	https://www.cvs.com/shop/robitussin-adult-maximum-strength-daytime-and-nighttime-twin-pack-2-4-oz-bottles-prodid-974037
Robitussin Adult Maximum Strength Nighttime Cough DM, Blue Raspberry, 4 FL OZ	https://www.cvs.com/shop/robitussin-adult-maximum-strength-nighttime-cough-dm-blue-raspberry-4-fl-oz-prodid-940582
Robitussin Adult Maximum Strength Severe Cough + Sore Throat Relief Medicine, 8 FL OZ	https://www.cvs.com/shop/robitussin-adult-maximum-strength-severe-cough-sore-throat-relief-medicine-8-fl-oz-prodid-1760440
Robitussin Children's Honey Cough & Chest Congestion, 4 OZ	https://www.cvs.com/shop/robitussin-children-s-honey-cough-chest-congestion-4-oz-prodid-2100024
Robitussin Cough+Chest Congestion DM Day and Nighttime Combo Pack, 2 4 OZ bottles	https://www.cvs.com/shop/robitussin-cough-chest-congestion-dm-day-and-nighttime-combo-pack-2-4-oz-bottles-prodid-366843
Robitussin Honey Cough + Chest Congestion DM Adult Max. Strength Day Liquid Syrup, 8 fl OZ	https://www.cvs.com/shop/robitussin-honey-cough-chest-congestion-dm-adult-max-strength-day-liquid-syrup-8-fl-oz-prodid-2220588
Robitussin Honey Cough + Chest Congestion DM Adult Max. Strength Day Liquid Syrup, 8 fl OZ	https://www.cvs.com/shop/robitussin-honey-cough-chest-congestion-dm-adult-max-strength-day-liquid-syrup-8-fl-oz-prodid-700908
Robitussin Maximum Strength Severe Multi-symptom Cough, Cold, and Flu Relief Liquid, Raspberry, 8 OZ	https://www.cvs.com/shop/robitussin-maximum-strength-severe-multi-symptom-cough-cold-and-flu-relief-liquid-raspberry-8-oz-prodid-567343
Robitussin Severe Cough, Flu + Sore Throat Daytime Relief, Honey with Elderberry, 8 OZ	https://www.cvs.com/shop/robitussin-severe-cough-flu-sore-throat-daytime-relief-honey-with-elderberry-8-oz-prodid-344008
